Method,Overlap@10,Rank Corr,Overlap_std
Fusion α=0.7,0.6778846153846154,0.8833333333333331,0.13584262017357182
Text-only,0.6,0.6997668997668995,0.15750457868802514
Fusion α=0.5,0.5711538461538461,0.6332167832167831,0.1811677277059305
BM25,0.3125,0.7317016317016317,0.15913679408222736
TF-IDF,0.29999999999999993,0.6870629370629369,0.16231498343083994
BM25+Dense,0.1423076923076923,0.8425407925407925,0.11067303515337046
Image-only,0.0,0.9889277389277388,0.0
