product_id,product_name,color,color_confidence,pattern,pattern_confidence,style,style_confidence,material,material_confidence,season,season_confidence
8859,Mark Taylor Men White Striped Shirt,brown,0.7283101677894592,striped,0.4418860375881195,formal,0.9314359426498413,polyester,0.3987002670764923,spring,0.38240566849708557
18889,Arrow Woman Sylvia Blue Shirt,brown,0.6854711771011353,striped,0.22424732148647308,formal,0.9083030223846436,silk,0.45840179920196533,fall,0.6024730205535889
8181,Locomotive Men Check Ladislav Purple Shirts,purple,0.7598934769630432,plaid,0.8650564551353455,formal,0.7875199913978577,cotton,0.5035480856895447,fall,0.4342186152935028
5960,Highlander Men Solid Poplin Purple Shirts,purple,0.6066429018974304,plaid,0.9933016300201416,formal,0.4761946201324463,cotton,0.4038102924823761,fall,0.478554904460907
7187,Jealous 21 Women Supper Zipped Ankle Black Jeans,black,0.7074001431465149,animal print,0.35627481341362,casual,0.6914933919906616,denim,0.9760866761207581,spring,0.4022027552127838
