{
  "total_responses": 5,
  "avg_response_time": 0.6417869567871094,
  "avg_response_length": 495.6,
  "min_response_time": 0.5813915729522705,
  "max_response_time": 0.726876974105835
}