Method,Description,Recall@10,Precision@10,NDCG@10
random,Random retrieval,0.03333333333333333,0.016666666666666666,0.02401680184777582
popularity,Popularity-based,0.020000000000000004,0.010000000000000002,0.014088052828225943
bm25,BM25 text search,0.20000000000000007,0.10000000000000003,0.16582321656763024
ours,Our neural system,0.40000000000000013,0.20000000000000007,0.32813393213107384
